﻿"dict_id","dict_name","dict_type","status","create_by","create_time","update_by","update_time","remark"
1,"Giới tính","sys_user_sex","0","admin",12/2/2021 2:06:13 PM,"admin",12/3/2021 4:23:06 PM,""
2,"Trạng thái menu","sys_show_hide","0","admin",12/2/2021 2:06:13 PM,"admin",12/3/2021 4:23:23 PM,""
3,"Enable/Disable","sys_normal_disable","0","admin",12/2/2021 2:06:13 PM,"admin",12/3/2021 4:24:44 PM,""
4,"Trạng thái job","sys_job_status","0","admin",12/2/2021 2:06:14 PM,"admin",12/3/2021 5:10:18 PM,""
5,"Loại job","sys_job_group","0","admin",12/2/2021 2:06:14 PM,"admin",12/3/2021 5:11:32 PM,""
6,"Yes No","sys_yes_no","0","admin",12/2/2021 2:06:14 PM,"admin",12/3/2021 5:11:58 PM,""
7,"Loại thông báo","sys_notice_type","0","admin",12/2/2021 2:06:14 PM,"admin",12/3/2021 5:12:53 PM,""
8,"Trạng thái thông báo","sys_notice_status","0","admin",12/2/2021 2:06:14 PM,"admin",12/3/2021 5:15:09 PM,""
9,"Loại thao tác","sys_oper_type","0","admin",12/2/2021 2:06:14 PM,"admin",12/3/2021 5:17:01 PM,""
10,"Trạng thái hệ thống","sys_common_status","0","admin",12/2/2021 2:06:14 PM,"admin",12/3/2021 5:25:05 PM,""
15,"Danh sách đơn vị","business_unit_code","0","admin",7/3/2022 2:45:22 PM.977,"",,
16,"Danh sách quyển hóa đơn","business_unit_quyen_hoa_don","0","admin",7/3/2022 2:54:56 PM.630,"",,
17,"Danh sách quyển xuất kho","business_unit_quyen_xuat_kho","0","admin",7/3/2022 2:57:25 PM.950,"",,
